Lugar de nacimiento del condenado;Edad del condenado;Periodo;Total
Total;Todas las edades;2022;36.161
Total;Todas las edades;2021;33.068
Total;Todas las edades;2020;25.436
Total;Todas las edades;2019;30.495
Total;Todas las edades;2018;27.972
Total;Todas las edades;2017;27.202
Total;Todas las edades;2016;25.959
Total;Todas las edades;2015;24.265
Total;Menos de 18 años;2022;75
Total;Menos de 18 años;2021;83
Total;Menos de 18 años;2020;85
Total;Menos de 18 años;2019;130
Total;Menos de 18 años;2018;92
Total;Menos de 18 años;2017;99
Total;Menos de 18 años;2016;81
Total;Menos de 18 años;2015;82
Total;De 18 a 19 años;2022;631
Total;De 18 a 19 años;2021;632
Total;De 18 a 19 años;2020;502
Total;De 18 a 19 años;2019;695
Total;De 18 a 19 años;2018;610
Total;De 18 a 19 años;2017;605
Total;De 18 a 19 años;2016;533
Total;De 18 a 19 años;2015;507
Total;De 20 a 24 años;2022;3.188
Total;De 20 a 24 años;2021;3.032
Total;De 20 a 24 años;2020;2.180
Total;De 20 a 24 años;2019;2.906
Total;De 20 a 24 años;2018;2.707
Total;De 20 a 24 años;2017;2.598
Total;De 20 a 24 años;2016;2.481
Total;De 20 a 24 años;2015;2.292
Total;De 25 a 29 años;2022;4.398
Total;De 25 a 29 años;2021;4.051
Total;De 25 a 29 años;2020;3.164
Total;De 25 a 29 años;2019;3.840
Total;De 25 a 29 años;2018;3.399
Total;De 25 a 29 años;2017;3.409
Total;De 25 a 29 años;2016;3.363
Total;De 25 a 29 años;2015;3.050
Total;De 30 a 34 años;2022;5.572
Total;De 30 a 34 años;2021;4.959
Total;De 30 a 34 años;2020;3.917
Total;De 30 a 34 años;2019;4.459
Total;De 30 a 34 años;2018;4.261
Total;De 30 a 34 años;2017;4.098
Total;De 30 a 34 años;2016;3.830
Total;De 30 a 34 años;2015;3.739
Total;De 35 a 39 años;2022;5.837
Total;De 35 a 39 años;2021;5.429
Total;De 35 a 39 años;2020;4.108
Total;De 35 a 39 años;2019;5.107
Total;De 35 a 39 años;2018;4.678
Total;De 35 a 39 años;2017;4.613
Total;De 35 a 39 años;2016;4.340
Total;De 35 a 39 años;2015;4.176
Total;De 40 a 44 años;2022;5.716
Total;De 40 a 44 años;2021;5.293
Total;De 40 a 44 años;2020;4.097
Total;De 40 a 44 años;2019;4.748
Total;De 40 a 44 años;2018;4.303
Total;De 40 a 44 años;2017;4.131
Total;De 40 a 44 años;2016;4.015
Total;De 40 a 44 años;2015;3.631
Total;De 45 a 49 años;2022;4.355
Total;De 45 a 49 años;2021;3.901
Total;De 45 a 49 años;2020;3.088
Total;De 45 a 49 años;2019;3.589
Total;De 45 a 49 años;2018;3.317
Total;De 45 a 49 años;2017;3.132
Total;De 45 a 49 años;2016;3.035
Total;De 45 a 49 años;2015;2.838
Total;De 50 a 54 años;2022;2.854
Total;De 50 a 54 años;2021;2.547
Total;De 50 a 54 años;2020;1.929
Total;De 50 a 54 años;2019;2.249
Total;De 50 a 54 años;2018;2.056
Total;De 50 a 54 años;2017;2.047
Total;De 50 a 54 años;2016;1.910
Total;De 50 a 54 años;2015;1.782
Total;De 55 a 59 años;2022;1.656
Total;De 55 a 59 años;2021;1.450
Total;De 55 a 59 años;2020;1.097
Total;De 55 a 59 años;2019;1.310
Total;De 55 a 59 años;2018;1.128
Total;De 55 a 59 años;2017;1.178
Total;De 55 a 59 años;2016;1.049
Total;De 55 a 59 años;2015;984
Total;De 60 a 64 años;2022;900
Total;De 60 a 64 años;2021;816
Total;De 60 a 64 años;2020;598
Total;De 60 a 64 años;2019;703
Total;De 60 a 64 años;2018;654
Total;De 60 a 64 años;2017;557
Total;De 60 a 64 años;2016;591
Total;De 60 a 64 años;2015;545
Total;De 65 a 69 años;2022;454
Total;De 65 a 69 años;2021;430
Total;De 65 a 69 años;2020;300
Total;De 65 a 69 años;2019;356
Total;De 65 a 69 años;2018;344
Total;De 65 a 69 años;2017;352
Total;De 65 a 69 años;2016;379
Total;De 65 a 69 años;2015;314
Total;De 70 a 74 años  ;2022;268
Total;De 70 a 74 años  ;2021;239
Total;De 70 a 74 años  ;2020;195
Total;De 70 a 74 años  ;2019;220
Total;De 70 a 74 años  ;2018;237
Total;De 70 a 74 años  ;2017;195
Total;De 70 a 74 años  ;2016;190
Total;De 70 a 74 años  ;2015;170
Total;75 y más años;2022;257
Total;75 y más años;2021;206
Total;75 y más años;2020;176
Total;75 y más años;2019;183
Total;75 y más años;2018;186
Total;75 y más años;2017;188
Total;75 y más años;2016;162
Total;75 y más años;2015;155
Europa;Todas las edades;2022;26.307
Europa;Todas las edades;2021;24.516
Europa;Todas las edades;2020;19.237
Europa;Todas las edades;2019;23.543
Europa;Todas las edades;2018;22.060
Europa;Todas las edades;2017;21.689
Europa;Todas las edades;2016;20.806
Europa;Todas las edades;2015;19.511
Europa;Menos de 18 años;2022;64
Europa;Menos de 18 años;2021;77
Europa;Menos de 18 años;2020;75
Europa;Menos de 18 años;2019;103
Europa;Menos de 18 años;2018;78
Europa;Menos de 18 años;2017;81
Europa;Menos de 18 años;2016;55
Europa;Menos de 18 años;2015;55
Europa;De 18 a 19 años;2022;485
Europa;De 18 a 19 años;2021;481
Europa;De 18 a 19 años;2020;384
Europa;De 18 a 19 años;2019;501
Europa;De 18 a 19 años;2018;464
Europa;De 18 a 19 años;2017;469
Europa;De 18 a 19 años;2016;387
Europa;De 18 a 19 años;2015;395
Europa;De 20 a 24 años;2022;1.948
Europa;De 20 a 24 años;2021;1.926
Europa;De 20 a 24 años;2020;1.453
Europa;De 20 a 24 años;2019;1.949
Europa;De 20 a 24 años;2018;1.843
Europa;De 20 a 24 años;2017;1.825
Europa;De 20 a 24 años;2016;1.765
Europa;De 20 a 24 años;2015;1.693
Europa;De 25 a 29 años;2022;2.591
Europa;De 25 a 29 años;2021;2.504
Europa;De 25 a 29 años;2020;2.082
Europa;De 25 a 29 años;2019;2.675
Europa;De 25 a 29 años;2018;2.490
Europa;De 25 a 29 años;2017;2.522
Europa;De 25 a 29 años;2016;2.529
Europa;De 25 a 29 años;2015;2.324
Europa;De 30 a 34 años;2022;3.776
Europa;De 30 a 34 años;2021;3.514
Europa;De 30 a 34 años;2020;2.803
Europa;De 30 a 34 años;2019;3.305
Europa;De 30 a 34 años;2018;3.196
Europa;De 30 a 34 años;2017;3.085
Europa;De 30 a 34 años;2016;2.902
Europa;De 30 a 34 años;2015;2.793
Europa;De 35 a 39 años;2022;4.249
Europa;De 35 a 39 años;2021;3.951
Europa;De 35 a 39 años;2020;3.054
Europa;De 35 a 39 años;2019;3.824
Europa;De 35 a 39 años;2018;3.610
Europa;De 35 a 39 años;2017;3.613
Europa;De 35 a 39 años;2016;3.369
Europa;De 35 a 39 años;2015;3.281
Europa;De 40 a 44 años;2022;4.281
Europa;De 40 a 44 años;2021;4.067
Europa;De 40 a 44 años;2020;3.151
Europa;De 40 a 44 años;2019;3.774
Europa;De 40 a 44 años;2018;3.450
Europa;De 40 a 44 años;2017;3.374
Europa;De 40 a 44 años;2016;3.303
Europa;De 40 a 44 años;2015;2.944
Europa;De 45 a 49 años;2022;3.468
Europa;De 45 a 49 años;2021;3.124
Europa;De 45 a 49 años;2020;2.483
Europa;De 45 a 49 años;2019;2.983
Europa;De 45 a 49 años;2018;2.792
Europa;De 45 a 49 años;2017;2.642
Europa;De 45 a 49 años;2016;2.585
Europa;De 45 a 49 años;2015;2.421
Europa;De 50 a 54 años;2022;2.315
Europa;De 50 a 54 años;2021;2.062
Europa;De 50 a 54 años;2020;1.625
Europa;De 50 a 54 años;2019;1.928
Europa;De 50 a 54 años;2018;1.780
Europa;De 50 a 54 años;2017;1.798
Europa;De 50 a 54 años;2016;1.685
Europa;De 50 a 54 años;2015;1.568
Europa;De 55 a 59 años;2022;1.421
Europa;De 55 a 59 años;2021;1.269
Europa;De 55 a 59 años;2020;945
Europa;De 55 a 59 años;2019;1.147
Europa;De 55 a 59 años;2018;1.017
Europa;De 55 a 59 años;2017;1.062
Europa;De 55 a 59 años;2016;967
Europa;De 55 a 59 años;2015;897
Europa;De 60 a 64 años;2022;781
Europa;De 60 a 64 años;2021;715
Europa;De 60 a 64 años;2020;539
Europa;De 60 a 64 años;2019;633
Europa;De 60 a 64 años;2018;599
Europa;De 60 a 64 años;2017;506
Europa;De 60 a 64 años;2016;555
Europa;De 60 a 64 años;2015;514
Europa;De 65 a 69 años;2022;423
Europa;De 65 a 69 años;2021;405
Europa;De 65 a 69 años;2020;277
Europa;De 65 a 69 años;2019;336
Europa;De 65 a 69 años;2018;329
Europa;De 65 a 69 años;2017;338
Europa;De 65 a 69 años;2016;366
Europa;De 65 a 69 años;2015;307
Europa;De 70 a 74 años  ;2022;257
Europa;De 70 a 74 años  ;2021;222
Europa;De 70 a 74 años  ;2020;190
Europa;De 70 a 74 años  ;2019;206
Europa;De 70 a 74 años  ;2018;230
Europa;De 70 a 74 años  ;2017;191
Europa;De 70 a 74 años  ;2016;183
Europa;De 70 a 74 años  ;2015;167
Europa;75 y más años;2022;248
Europa;75 y más años;2021;199
Europa;75 y más años;2020;176
Europa;75 y más años;2019;179
Europa;75 y más años;2018;182
Europa;75 y más años;2017;183
Europa;75 y más años;2016;155
Europa;75 y más años;2015;152
España;Todas las edades;2022;22.958
España;Todas las edades;2021;21.459
España;Todas las edades;2020;16.755
España;Todas las edades;2019;20.448
España;Todas las edades;2018;19.101
España;Todas las edades;2017;18.923
España;Todas las edades;2016;18.124
España;Todas las edades;2015;17.036
España;Menos de 18 años;2022;61
España;Menos de 18 años;2021;74
España;Menos de 18 años;2020;73
España;Menos de 18 años;2019;95
España;Menos de 18 años;2018;75
España;Menos de 18 años;2017;79
España;Menos de 18 años;2016;49
España;Menos de 18 años;2015;51
España;De 18 a 19 años;2022;452
España;De 18 a 19 años;2021;444
España;De 18 a 19 años;2020;353
España;De 18 a 19 años;2019;459
España;De 18 a 19 años;2018;417
España;De 18 a 19 años;2017;433
España;De 18 a 19 años;2016;353
España;De 18 a 19 años;2015;359
España;De 20 a 24 años;2022;1.717
España;De 20 a 24 años;2021;1.724
España;De 20 a 24 años;2020;1.289
España;De 20 a 24 años;2019;1.713
España;De 20 a 24 años;2018;1.632
España;De 20 a 24 años;2017;1.626
España;De 20 a 24 años;2016;1.569
España;De 20 a 24 años;2015;1.529
España;De 25 a 29 años;2022;2.277
España;De 25 a 29 años;2021;2.219
España;De 25 a 29 años;2020;1.786
España;De 25 a 29 años;2019;2.317
España;De 25 a 29 años;2018;2.150
España;De 25 a 29 años;2017;2.166
España;De 25 a 29 años;2016;2.200
España;De 25 a 29 años;2015;2.012
España;De 30 a 34 años;2022;3.278
España;De 30 a 34 años;2021;3.046
España;De 30 a 34 años;2020;2.407
España;De 30 a 34 años;2019;2.798
España;De 30 a 34 años;2018;2.697
España;De 30 a 34 años;2017;2.679
España;De 30 a 34 años;2016;2.495
España;De 30 a 34 años;2015;2.390
España;De 35 a 39 años;2022;3.690
España;De 35 a 39 años;2021;3.454
España;De 35 a 39 años;2020;2.669
España;De 35 a 39 años;2019;3.296
España;De 35 a 39 años;2018;3.102
España;De 35 a 39 años;2017;3.092
España;De 35 a 39 años;2016;2.870
España;De 35 a 39 años;2015;2.784
España;De 40 a 44 años;2022;3.732
España;De 40 a 44 años;2021;3.507
España;De 40 a 44 años;2020;2.713
España;De 40 a 44 años;2019;3.286
España;De 40 a 44 años;2018;2.939
España;De 40 a 44 años;2017;2.902
España;De 40 a 44 años;2016;2.837
España;De 40 a 44 años;2015;2.535
España;De 45 a 49 años;2022;2.985
España;De 45 a 49 años;2021;2.688
España;De 45 a 49 años;2020;2.156
España;De 45 a 49 años;2019;2.569
España;De 45 a 49 años;2018;2.406
España;De 45 a 49 años;2017;2.297
España;De 45 a 49 años;2016;2.237
España;De 45 a 49 años;2015;2.101
España;De 50 a 54 años;2022;1.989
España;De 50 a 54 años;2021;1.778
España;De 50 a 54 años;2020;1.399
España;De 50 a 54 años;2019;1.658
España;De 50 a 54 años;2018;1.545
España;De 50 a 54 años;2017;1.583
España;De 50 a 54 años;2016;1.467
España;De 50 a 54 años;2015;1.405
España;De 55 a 59 años;2022;1.241
España;De 55 a 59 años;2021;1.115
España;De 55 a 59 años;2020;833
España;De 55 a 59 años;2019;1.031
España;De 55 a 59 años;2018;906
España;De 55 a 59 años;2017;951
España;De 55 a 59 años;2016;882
España;De 55 a 59 años;2015;821
España;De 60 a 64 años;2022;689
España;De 60 a 64 años;2021;643
España;De 60 a 64 años;2020;485
España;De 60 a 64 años;2019;563
España;De 60 a 64 años;2018;538
España;De 60 a 64 años;2017;456
España;De 60 a 64 años;2016;517
España;De 60 a 64 años;2015;465
España;De 65 a 69 años;2022;385
España;De 65 a 69 años;2021;380
España;De 65 a 69 años;2020;254
España;De 65 a 69 años;2019;300
España;De 65 a 69 años;2018;305
España;De 65 a 69 años;2017;308
España;De 65 a 69 años;2016;327
España;De 65 a 69 años;2015;284
España;De 70 a 74 años  ;2022;230
España;De 70 a 74 años  ;2021;202
España;De 70 a 74 años  ;2020;172
España;De 70 a 74 años  ;2019;192
España;De 70 a 74 años  ;2018;214
España;De 70 a 74 años  ;2017;179
España;De 70 a 74 años  ;2016;175
España;De 70 a 74 años  ;2015;157
España;75 y más años;2022;232
España;75 y más años;2021;185
España;75 y más años;2020;166
España;75 y más años;2019;171
España;75 y más años;2018;175
España;75 y más años;2017;172
España;75 y más años;2016;146
España;75 y más años;2015;143
UE28 sin España;Todas las edades;2022;""
UE28 sin España;Todas las edades;2021;""
UE28 sin España;Todas las edades;2020;""
UE28 sin España;Todas las edades;2019;2.736
UE28 sin España;Todas las edades;2018;2.668
UE28 sin España;Todas las edades;2017;2.500
UE28 sin España;Todas las edades;2016;2.427
UE28 sin España;Todas las edades;2015;2.239
UE28 sin España;Menos de 18 años;2022;""
UE28 sin España;Menos de 18 años;2021;""
UE28 sin España;Menos de 18 años;2020;""
UE28 sin España;Menos de 18 años;2019;8
UE28 sin España;Menos de 18 años;2018;3
UE28 sin España;Menos de 18 años;2017;2
UE28 sin España;Menos de 18 años;2016;5
UE28 sin España;Menos de 18 años;2015;3
UE28 sin España;De 18 a 19 años;2022;""
UE28 sin España;De 18 a 19 años;2021;""
UE28 sin España;De 18 a 19 años;2020;""
UE28 sin España;De 18 a 19 años;2019;37
UE28 sin España;De 18 a 19 años;2018;43
UE28 sin España;De 18 a 19 años;2017;32
UE28 sin España;De 18 a 19 años;2016;34
UE28 sin España;De 18 a 19 años;2015;35
UE28 sin España;De 20 a 24 años;2022;""
UE28 sin España;De 20 a 24 años;2021;""
UE28 sin España;De 20 a 24 años;2020;""
UE28 sin España;De 20 a 24 años;2019;198
UE28 sin España;De 20 a 24 años;2018;190
UE28 sin España;De 20 a 24 años;2017;181
UE28 sin España;De 20 a 24 años;2016;179
UE28 sin España;De 20 a 24 años;2015;151
UE28 sin España;De 25 a 29 años;2022;""
UE28 sin España;De 25 a 29 años;2021;""
UE28 sin España;De 25 a 29 años;2020;""
UE28 sin España;De 25 a 29 años;2019;319
UE28 sin España;De 25 a 29 años;2018;302
UE28 sin España;De 25 a 29 años;2017;334
UE28 sin España;De 25 a 29 años;2016;304
UE28 sin España;De 25 a 29 años;2015;292
UE28 sin España;De 30 a 34 años;2022;""
UE28 sin España;De 30 a 34 años;2021;""
UE28 sin España;De 30 a 34 años;2020;""
UE28 sin España;De 30 a 34 años;2019;452
UE28 sin España;De 30 a 34 años;2018;466
UE28 sin España;De 30 a 34 años;2017;358
UE28 sin España;De 30 a 34 años;2016;372
UE28 sin España;De 30 a 34 años;2015;359
UE28 sin España;De 35 a 39 años;2022;""
UE28 sin España;De 35 a 39 años;2021;""
UE28 sin España;De 35 a 39 años;2020;""
UE28 sin España;De 35 a 39 años;2019;471
UE28 sin España;De 35 a 39 años;2018;456
UE28 sin España;De 35 a 39 años;2017;472
UE28 sin España;De 35 a 39 años;2016;447
UE28 sin España;De 35 a 39 años;2015;451
UE28 sin España;De 40 a 44 años;2022;""
UE28 sin España;De 40 a 44 años;2021;""
UE28 sin España;De 40 a 44 años;2020;""
UE28 sin España;De 40 a 44 años;2019;436
UE28 sin España;De 40 a 44 años;2018;466
UE28 sin España;De 40 a 44 años;2017;415
UE28 sin España;De 40 a 44 años;2016;411
UE28 sin España;De 40 a 44 años;2015;361
UE28 sin España;De 45 a 49 años;2022;""
UE28 sin España;De 45 a 49 años;2021;""
UE28 sin España;De 45 a 49 años;2020;""
UE28 sin España;De 45 a 49 años;2019;354
UE28 sin España;De 45 a 49 años;2018;337
UE28 sin España;De 45 a 49 años;2017;313
UE28 sin España;De 45 a 49 años;2016;319
UE28 sin España;De 45 a 49 años;2015;288
UE28 sin España;De 50 a 54 años;2022;""
UE28 sin España;De 50 a 54 años;2021;""
UE28 sin España;De 50 a 54 años;2020;""
UE28 sin España;De 50 a 54 años;2019;247
UE28 sin España;De 50 a 54 años;2018;208
UE28 sin España;De 50 a 54 años;2017;199
UE28 sin España;De 50 a 54 años;2016;189
UE28 sin España;De 50 a 54 años;2015;148
UE28 sin España;De 55 a 59 años;2022;""
UE28 sin España;De 55 a 59 años;2021;""
UE28 sin España;De 55 a 59 años;2020;""
UE28 sin España;De 55 a 59 años;2019;103
UE28 sin España;De 55 a 59 años;2018;98
UE28 sin España;De 55 a 59 años;2017;99
UE28 sin España;De 55 a 59 años;2016;78
UE28 sin España;De 55 a 59 años;2015;64
UE28 sin España;De 60 a 64 años;2022;""
UE28 sin España;De 60 a 64 años;2021;""
UE28 sin España;De 60 a 64 años;2020;""
UE28 sin España;De 60 a 64 años;2019;61
UE28 sin España;De 60 a 64 años;2018;55
UE28 sin España;De 60 a 64 años;2017;49
UE28 sin España;De 60 a 64 años;2016;36
UE28 sin España;De 60 a 64 años;2015;45
UE28 sin España;De 65 a 69 años;2022;""
UE28 sin España;De 65 a 69 años;2021;""
UE28 sin España;De 65 a 69 años;2020;""
UE28 sin España;De 65 a 69 años;2019;30
UE28 sin España;De 65 a 69 años;2018;21
UE28 sin España;De 65 a 69 años;2017;24
UE28 sin España;De 65 a 69 años;2016;36
UE28 sin España;De 65 a 69 años;2015;23
UE28 sin España;De 70 a 74 años  ;2022;""
UE28 sin España;De 70 a 74 años  ;2021;""
UE28 sin España;De 70 a 74 años  ;2020;""
UE28 sin España;De 70 a 74 años  ;2019;13
UE28 sin España;De 70 a 74 años  ;2018;16
UE28 sin España;De 70 a 74 años  ;2017;12
UE28 sin España;De 70 a 74 años  ;2016;8
UE28 sin España;De 70 a 74 años  ;2015;10
UE28 sin España;75 y más años;2022;""
UE28 sin España;75 y más años;2021;""
UE28 sin España;75 y más años;2020;""
UE28 sin España;75 y más años;2019;7
UE28 sin España;75 y más años;2018;7
UE28 sin España;75 y más años;2017;10
UE28 sin España;75 y más años;2016;9
UE28 sin España;75 y más años;2015;9
UE27_2020 sin España;Todas las edades;2022;2.580
UE27_2020 sin España;Todas las edades;2021;2.433
UE27_2020 sin España;Todas las edades;2020;1.946
UE27_2020 sin España;Todas las edades;2019;""
UE27_2020 sin España;Todas las edades;2018;""
UE27_2020 sin España;Todas las edades;2017;""
UE27_2020 sin España;Todas las edades;2016;""
UE27_2020 sin España;Todas las edades;2015;""
UE27_2020 sin España;Menos de 18 años;2022;3
UE27_2020 sin España;Menos de 18 años;2021;3
UE27_2020 sin España;Menos de 18 años;2020;1
UE27_2020 sin España;Menos de 18 años;2019;""
UE27_2020 sin España;Menos de 18 años;2018;""
UE27_2020 sin España;Menos de 18 años;2017;""
UE27_2020 sin España;Menos de 18 años;2016;""
UE27_2020 sin España;Menos de 18 años;2015;""
UE27_2020 sin España;De 18 a 19 años;2022;27
UE27_2020 sin España;De 18 a 19 años;2021;33
UE27_2020 sin España;De 18 a 19 años;2020;19
UE27_2020 sin España;De 18 a 19 años;2019;""
UE27_2020 sin España;De 18 a 19 años;2018;""
UE27_2020 sin España;De 18 a 19 años;2017;""
UE27_2020 sin España;De 18 a 19 años;2016;""
UE27_2020 sin España;De 18 a 19 años;2015;""
UE27_2020 sin España;De 20 a 24 años;2022;180
UE27_2020 sin España;De 20 a 24 años;2021;162
UE27_2020 sin España;De 20 a 24 años;2020;142
UE27_2020 sin España;De 20 a 24 años;2019;""
UE27_2020 sin España;De 20 a 24 años;2018;""
UE27_2020 sin España;De 20 a 24 años;2017;""
UE27_2020 sin España;De 20 a 24 años;2016;""
UE27_2020 sin España;De 20 a 24 años;2015;""
UE27_2020 sin España;De 25 a 29 años;2022;233
UE27_2020 sin España;De 25 a 29 años;2021;226
UE27_2020 sin España;De 25 a 29 años;2020;236
UE27_2020 sin España;De 25 a 29 años;2019;""
UE27_2020 sin España;De 25 a 29 años;2018;""
UE27_2020 sin España;De 25 a 29 años;2017;""
UE27_2020 sin España;De 25 a 29 años;2016;""
UE27_2020 sin España;De 25 a 29 años;2015;""
UE27_2020 sin España;De 30 a 34 años;2022;403
UE27_2020 sin España;De 30 a 34 años;2021;370
UE27_2020 sin España;De 30 a 34 años;2020;313
UE27_2020 sin España;De 30 a 34 años;2019;""
UE27_2020 sin España;De 30 a 34 años;2018;""
UE27_2020 sin España;De 30 a 34 años;2017;""
UE27_2020 sin España;De 30 a 34 años;2016;""
UE27_2020 sin España;De 30 a 34 años;2015;""
UE27_2020 sin España;De 35 a 39 años;2022;423
UE27_2020 sin España;De 35 a 39 años;2021;393
UE27_2020 sin España;De 35 a 39 años;2020;306
UE27_2020 sin España;De 35 a 39 años;2019;""
UE27_2020 sin España;De 35 a 39 años;2018;""
UE27_2020 sin España;De 35 a 39 años;2017;""
UE27_2020 sin España;De 35 a 39 años;2016;""
UE27_2020 sin España;De 35 a 39 años;2015;""
UE27_2020 sin España;De 40 a 44 años;2022;437
UE27_2020 sin España;De 40 a 44 años;2021;453
UE27_2020 sin España;De 40 a 44 años;2020;351
UE27_2020 sin España;De 40 a 44 años;2019;""
UE27_2020 sin España;De 40 a 44 años;2018;""
UE27_2020 sin España;De 40 a 44 años;2017;""
UE27_2020 sin España;De 40 a 44 años;2016;""
UE27_2020 sin España;De 40 a 44 años;2015;""
UE27_2020 sin España;De 45 a 49 años;2022;370
UE27_2020 sin España;De 45 a 49 años;2021;349
UE27_2020 sin España;De 45 a 49 años;2020;254
UE27_2020 sin España;De 45 a 49 años;2019;""
UE27_2020 sin España;De 45 a 49 años;2018;""
UE27_2020 sin España;De 45 a 49 años;2017;""
UE27_2020 sin España;De 45 a 49 años;2016;""
UE27_2020 sin España;De 45 a 49 años;2015;""
UE27_2020 sin España;De 50 a 54 años;2022;257
UE27_2020 sin España;De 50 a 54 años;2021;221
UE27_2020 sin España;De 50 a 54 años;2020;177
UE27_2020 sin España;De 50 a 54 años;2019;""
UE27_2020 sin España;De 50 a 54 años;2018;""
UE27_2020 sin España;De 50 a 54 años;2017;""
UE27_2020 sin España;De 50 a 54 años;2016;""
UE27_2020 sin España;De 50 a 54 años;2015;""
UE27_2020 sin España;De 55 a 59 años;2022;138
UE27_2020 sin España;De 55 a 59 años;2021;128
UE27_2020 sin España;De 55 a 59 años;2020;79
UE27_2020 sin España;De 55 a 59 años;2019;""
UE27_2020 sin España;De 55 a 59 años;2018;""
UE27_2020 sin España;De 55 a 59 años;2017;""
UE27_2020 sin España;De 55 a 59 años;2016;""
UE27_2020 sin España;De 55 a 59 años;2015;""
UE27_2020 sin España;De 60 a 64 años;2022;52
UE27_2020 sin España;De 60 a 64 años;2021;52
UE27_2020 sin España;De 60 a 64 años;2020;38
UE27_2020 sin España;De 60 a 64 años;2019;""
UE27_2020 sin España;De 60 a 64 años;2018;""
UE27_2020 sin España;De 60 a 64 años;2017;""
UE27_2020 sin España;De 60 a 64 años;2016;""
UE27_2020 sin España;De 60 a 64 años;2015;""
UE27_2020 sin España;De 65 a 69 años;2022;27
UE27_2020 sin España;De 65 a 69 años;2021;18
UE27_2020 sin España;De 65 a 69 años;2020;17
UE27_2020 sin España;De 65 a 69 años;2019;""
UE27_2020 sin España;De 65 a 69 años;2018;""
UE27_2020 sin España;De 65 a 69 años;2017;""
UE27_2020 sin España;De 65 a 69 años;2016;""
UE27_2020 sin España;De 65 a 69 años;2015;""
UE27_2020 sin España;De 70 a 74 años  ;2022;19
UE27_2020 sin España;De 70 a 74 años  ;2021;15
UE27_2020 sin España;De 70 a 74 años  ;2020;9
UE27_2020 sin España;De 70 a 74 años  ;2019;""
UE27_2020 sin España;De 70 a 74 años  ;2018;""
UE27_2020 sin España;De 70 a 74 años  ;2017;""
UE27_2020 sin España;De 70 a 74 años  ;2016;""
UE27_2020 sin España;De 70 a 74 años  ;2015;""
UE27_2020 sin España;75 y más años;2022;11
UE27_2020 sin España;75 y más años;2021;10
UE27_2020 sin España;75 y más años;2020;4
UE27_2020 sin España;75 y más años;2019;""
UE27_2020 sin España;75 y más años;2018;""
UE27_2020 sin España;75 y más años;2017;""
UE27_2020 sin España;75 y más años;2016;""
UE27_2020 sin España;75 y más años;2015;""
Europa menos UE28;Todas las edades;2022;""
Europa menos UE28;Todas las edades;2021;""
Europa menos UE28;Todas las edades;2020;""
Europa menos UE28;Todas las edades;2019;359
Europa menos UE28;Todas las edades;2018;291
Europa menos UE28;Todas las edades;2017;266
Europa menos UE28;Todas las edades;2016;255
Europa menos UE28;Todas las edades;2015;236
Europa menos UE28;Menos de 18 años;2022;""
Europa menos UE28;Menos de 18 años;2021;""
Europa menos UE28;Menos de 18 años;2020;""
Europa menos UE28;Menos de 18 años;2019;0
Europa menos UE28;Menos de 18 años;2018;0
Europa menos UE28;Menos de 18 años;2017;0
Europa menos UE28;Menos de 18 años;2016;1
Europa menos UE28;Menos de 18 años;2015;1
Europa menos UE28;De 18 a 19 años;2022;""
Europa menos UE28;De 18 a 19 años;2021;""
Europa menos UE28;De 18 a 19 años;2020;""
Europa menos UE28;De 18 a 19 años;2019;5
Europa menos UE28;De 18 a 19 años;2018;4
Europa menos UE28;De 18 a 19 años;2017;4
Europa menos UE28;De 18 a 19 años;2016;0
Europa menos UE28;De 18 a 19 años;2015;1
Europa menos UE28;De 20 a 24 años;2022;""
Europa menos UE28;De 20 a 24 años;2021;""
Europa menos UE28;De 20 a 24 años;2020;""
Europa menos UE28;De 20 a 24 años;2019;38
Europa menos UE28;De 20 a 24 años;2018;21
Europa menos UE28;De 20 a 24 años;2017;18
Europa menos UE28;De 20 a 24 años;2016;17
Europa menos UE28;De 20 a 24 años;2015;13
Europa menos UE28;De 25 a 29 años;2022;""
Europa menos UE28;De 25 a 29 años;2021;""
Europa menos UE28;De 25 a 29 años;2020;""
Europa menos UE28;De 25 a 29 años;2019;39
Europa menos UE28;De 25 a 29 años;2018;38
Europa menos UE28;De 25 a 29 años;2017;22
Europa menos UE28;De 25 a 29 años;2016;25
Europa menos UE28;De 25 a 29 años;2015;20
Europa menos UE28;De 30 a 34 años;2022;""
Europa menos UE28;De 30 a 34 años;2021;""
Europa menos UE28;De 30 a 34 años;2020;""
Europa menos UE28;De 30 a 34 años;2019;55
Europa menos UE28;De 30 a 34 años;2018;33
Europa menos UE28;De 30 a 34 años;2017;48
Europa menos UE28;De 30 a 34 años;2016;35
Europa menos UE28;De 30 a 34 años;2015;44
Europa menos UE28;De 35 a 39 años;2022;""
Europa menos UE28;De 35 a 39 años;2021;""
Europa menos UE28;De 35 a 39 años;2020;""
Europa menos UE28;De 35 a 39 años;2019;57
Europa menos UE28;De 35 a 39 años;2018;52
Europa menos UE28;De 35 a 39 años;2017;49
Europa menos UE28;De 35 a 39 años;2016;52
Europa menos UE28;De 35 a 39 años;2015;46
Europa menos UE28;De 40 a 44 años;2022;""
Europa menos UE28;De 40 a 44 años;2021;""
Europa menos UE28;De 40 a 44 años;2020;""
Europa menos UE28;De 40 a 44 años;2019;52
Europa menos UE28;De 40 a 44 años;2018;45
Europa menos UE28;De 40 a 44 años;2017;57
Europa menos UE28;De 40 a 44 años;2016;55
Europa menos UE28;De 40 a 44 años;2015;48
Europa menos UE28;De 45 a 49 años;2022;""
Europa menos UE28;De 45 a 49 años;2021;""
Europa menos UE28;De 45 a 49 años;2020;""
Europa menos UE28;De 45 a 49 años;2019;60
Europa menos UE28;De 45 a 49 años;2018;49
Europa menos UE28;De 45 a 49 años;2017;32
Europa menos UE28;De 45 a 49 años;2016;29
Europa menos UE28;De 45 a 49 años;2015;32
Europa menos UE28;De 50 a 54 años;2022;""
Europa menos UE28;De 50 a 54 años;2021;""
Europa menos UE28;De 50 a 54 años;2020;""
Europa menos UE28;De 50 a 54 años;2019;23
Europa menos UE28;De 50 a 54 años;2018;27
Europa menos UE28;De 50 a 54 años;2017;16
Europa menos UE28;De 50 a 54 años;2016;29
Europa menos UE28;De 50 a 54 años;2015;15
Europa menos UE28;De 55 a 59 años;2022;""
Europa menos UE28;De 55 a 59 años;2021;""
Europa menos UE28;De 55 a 59 años;2020;""
Europa menos UE28;De 55 a 59 años;2019;13
Europa menos UE28;De 55 a 59 años;2018;13
Europa menos UE28;De 55 a 59 años;2017;12
Europa menos UE28;De 55 a 59 años;2016;7
Europa menos UE28;De 55 a 59 años;2015;12
Europa menos UE28;De 60 a 64 años;2022;""
Europa menos UE28;De 60 a 64 años;2021;""
Europa menos UE28;De 60 a 64 años;2020;""
Europa menos UE28;De 60 a 64 años;2019;9
Europa menos UE28;De 60 a 64 años;2018;6
Europa menos UE28;De 60 a 64 años;2017;1
Europa menos UE28;De 60 a 64 años;2016;2
Europa menos UE28;De 60 a 64 años;2015;4
Europa menos UE28;De 65 a 69 años;2022;""
Europa menos UE28;De 65 a 69 años;2021;""
Europa menos UE28;De 65 a 69 años;2020;""
Europa menos UE28;De 65 a 69 años;2019;6
Europa menos UE28;De 65 a 69 años;2018;3
Europa menos UE28;De 65 a 69 años;2017;6
Europa menos UE28;De 65 a 69 años;2016;3
Europa menos UE28;De 65 a 69 años;2015;0
Europa menos UE28;De 70 a 74 años  ;2022;""
Europa menos UE28;De 70 a 74 años  ;2021;""
Europa menos UE28;De 70 a 74 años  ;2020;""
Europa menos UE28;De 70 a 74 años  ;2019;1
Europa menos UE28;De 70 a 74 años  ;2018;0
Europa menos UE28;De 70 a 74 años  ;2017;0
Europa menos UE28;De 70 a 74 años  ;2016;0
Europa menos UE28;De 70 a 74 años  ;2015;0
Europa menos UE28;75 y más años;2022;""
Europa menos UE28;75 y más años;2021;""
Europa menos UE28;75 y más años;2020;""
Europa menos UE28;75 y más años;2019;1
Europa menos UE28;75 y más años;2018;0
Europa menos UE28;75 y más años;2017;1
Europa menos UE28;75 y más años;2016;0
Europa menos UE28;75 y más años;2015;0
Europa menos UE27_2020;Todas las edades;2022;769
Europa menos UE27_2020;Todas las edades;2021;624
Europa menos UE27_2020;Todas las edades;2020;536
Europa menos UE27_2020;Todas las edades;2019;""
Europa menos UE27_2020;Todas las edades;2018;""
Europa menos UE27_2020;Todas las edades;2017;""
Europa menos UE27_2020;Todas las edades;2016;""
Europa menos UE27_2020;Todas las edades;2015;""
Europa menos UE27_2020;Menos de 18 años;2022;0
Europa menos UE27_2020;Menos de 18 años;2021;0
Europa menos UE27_2020;Menos de 18 años;2020;1
Europa menos UE27_2020;Menos de 18 años;2019;""
Europa menos UE27_2020;Menos de 18 años;2018;""
Europa menos UE27_2020;Menos de 18 años;2017;""
Europa menos UE27_2020;Menos de 18 años;2016;""
Europa menos UE27_2020;Menos de 18 años;2015;""
Europa menos UE27_2020;De 18 a 19 años;2022;6
Europa menos UE27_2020;De 18 a 19 años;2021;4
Europa menos UE27_2020;De 18 a 19 años;2020;12
Europa menos UE27_2020;De 18 a 19 años;2019;""
Europa menos UE27_2020;De 18 a 19 años;2018;""
Europa menos UE27_2020;De 18 a 19 años;2017;""
Europa menos UE27_2020;De 18 a 19 años;2016;""
Europa menos UE27_2020;De 18 a 19 años;2015;""
Europa menos UE27_2020;De 20 a 24 años;2022;51
Europa menos UE27_2020;De 20 a 24 años;2021;40
Europa menos UE27_2020;De 20 a 24 años;2020;22
Europa menos UE27_2020;De 20 a 24 años;2019;""
Europa menos UE27_2020;De 20 a 24 años;2018;""
Europa menos UE27_2020;De 20 a 24 años;2017;""
Europa menos UE27_2020;De 20 a 24 años;2016;""
Europa menos UE27_2020;De 20 a 24 años;2015;""
Europa menos UE27_2020;De 25 a 29 años;2022;81
Europa menos UE27_2020;De 25 a 29 años;2021;59
Europa menos UE27_2020;De 25 a 29 años;2020;60
Europa menos UE27_2020;De 25 a 29 años;2019;""
Europa menos UE27_2020;De 25 a 29 años;2018;""
Europa menos UE27_2020;De 25 a 29 años;2017;""
Europa menos UE27_2020;De 25 a 29 años;2016;""
Europa menos UE27_2020;De 25 a 29 años;2015;""
Europa menos UE27_2020;De 30 a 34 años;2022;95
Europa menos UE27_2020;De 30 a 34 años;2021;98
Europa menos UE27_2020;De 30 a 34 años;2020;83
Europa menos UE27_2020;De 30 a 34 años;2019;""
Europa menos UE27_2020;De 30 a 34 años;2018;""
Europa menos UE27_2020;De 30 a 34 años;2017;""
Europa menos UE27_2020;De 30 a 34 años;2016;""
Europa menos UE27_2020;De 30 a 34 años;2015;""
Europa menos UE27_2020;De 35 a 39 años;2022;136
Europa menos UE27_2020;De 35 a 39 años;2021;104
Europa menos UE27_2020;De 35 a 39 años;2020;79
Europa menos UE27_2020;De 35 a 39 años;2019;""
Europa menos UE27_2020;De 35 a 39 años;2018;""
Europa menos UE27_2020;De 35 a 39 años;2017;""
Europa menos UE27_2020;De 35 a 39 años;2016;""
Europa menos UE27_2020;De 35 a 39 años;2015;""
Europa menos UE27_2020;De 40 a 44 años;2022;112
Europa menos UE27_2020;De 40 a 44 años;2021;107
Europa menos UE27_2020;De 40 a 44 años;2020;87
Europa menos UE27_2020;De 40 a 44 años;2019;""
Europa menos UE27_2020;De 40 a 44 años;2018;""
Europa menos UE27_2020;De 40 a 44 años;2017;""
Europa menos UE27_2020;De 40 a 44 años;2016;""
Europa menos UE27_2020;De 40 a 44 años;2015;""
Europa menos UE27_2020;De 45 a 49 años;2022;113
Europa menos UE27_2020;De 45 a 49 años;2021;87
Europa menos UE27_2020;De 45 a 49 años;2020;73
Europa menos UE27_2020;De 45 a 49 años;2019;""
Europa menos UE27_2020;De 45 a 49 años;2018;""
Europa menos UE27_2020;De 45 a 49 años;2017;""
Europa menos UE27_2020;De 45 a 49 años;2016;""
Europa menos UE27_2020;De 45 a 49 años;2015;""
Europa menos UE27_2020;De 50 a 54 años;2022;69
Europa menos UE27_2020;De 50 a 54 años;2021;63
Europa menos UE27_2020;De 50 a 54 años;2020;49
Europa menos UE27_2020;De 50 a 54 años;2019;""
Europa menos UE27_2020;De 50 a 54 años;2018;""
Europa menos UE27_2020;De 50 a 54 años;2017;""
Europa menos UE27_2020;De 50 a 54 años;2016;""
Europa menos UE27_2020;De 50 a 54 años;2015;""
Europa menos UE27_2020;De 55 a 59 años;2022;42
Europa menos UE27_2020;De 55 a 59 años;2021;26
Europa menos UE27_2020;De 55 a 59 años;2020;33
Europa menos UE27_2020;De 55 a 59 años;2019;""
Europa menos UE27_2020;De 55 a 59 años;2018;""
Europa menos UE27_2020;De 55 a 59 años;2017;""
Europa menos UE27_2020;De 55 a 59 años;2016;""
Europa menos UE27_2020;De 55 a 59 años;2015;""
Europa menos UE27_2020;De 60 a 64 años;2022;40
Europa menos UE27_2020;De 60 a 64 años;2021;20
Europa menos UE27_2020;De 60 a 64 años;2020;16
Europa menos UE27_2020;De 60 a 64 años;2019;""
Europa menos UE27_2020;De 60 a 64 años;2018;""
Europa menos UE27_2020;De 60 a 64 años;2017;""
Europa menos UE27_2020;De 60 a 64 años;2016;""
Europa menos UE27_2020;De 60 a 64 años;2015;""
Europa menos UE27_2020;De 65 a 69 años;2022;11
Europa menos UE27_2020;De 65 a 69 años;2021;7
Europa menos UE27_2020;De 65 a 69 años;2020;6
Europa menos UE27_2020;De 65 a 69 años;2019;""
Europa menos UE27_2020;De 65 a 69 años;2018;""
Europa menos UE27_2020;De 65 a 69 años;2017;""
Europa menos UE27_2020;De 65 a 69 años;2016;""
Europa menos UE27_2020;De 65 a 69 años;2015;""
Europa menos UE27_2020;De 70 a 74 años  ;2022;8
Europa menos UE27_2020;De 70 a 74 años  ;2021;5
Europa menos UE27_2020;De 70 a 74 años  ;2020;9
Europa menos UE27_2020;De 70 a 74 años  ;2019;""
Europa menos UE27_2020;De 70 a 74 años  ;2018;""
Europa menos UE27_2020;De 70 a 74 años  ;2017;""
Europa menos UE27_2020;De 70 a 74 años  ;2016;""
Europa menos UE27_2020;De 70 a 74 años  ;2015;""
Europa menos UE27_2020;75 y más años;2022;5
Europa menos UE27_2020;75 y más años;2021;4
Europa menos UE27_2020;75 y más años;2020;6
Europa menos UE27_2020;75 y más años;2019;""
Europa menos UE27_2020;75 y más años;2018;""
Europa menos UE27_2020;75 y más años;2017;""
Europa menos UE27_2020;75 y más años;2016;""
Europa menos UE27_2020;75 y más años;2015;""
África;Todas las edades;2022;3.130
África;Todas las edades;2021;2.803
África;Todas las edades;2020;2.081
África;Todas las edades;2019;2.266
África;Todas las edades;2018;2.044
África;Todas las edades;2017;1.882
África;Todas las edades;2016;1.788
África;Todas las edades;2015;1.590
África;Menos de 18 años;2022;3
África;Menos de 18 años;2021;2
África;Menos de 18 años;2020;5
África;Menos de 18 años;2019;8
África;Menos de 18 años;2018;4
África;Menos de 18 años;2017;6
África;Menos de 18 años;2016;4
África;Menos de 18 años;2015;6
África;De 18 a 19 años;2022;55
África;De 18 a 19 años;2021;54
África;De 18 a 19 años;2020;35
África;De 18 a 19 años;2019;46
África;De 18 a 19 años;2018;28
África;De 18 a 19 años;2017;36
África;De 18 a 19 años;2016;20
África;De 18 a 19 años;2015;21
África;De 20 a 24 años;2022;382
África;De 20 a 24 años;2021;299
África;De 20 a 24 años;2020;167
África;De 20 a 24 años;2019;214
África;De 20 a 24 años;2018;217
África;De 20 a 24 años;2017;177
África;De 20 a 24 años;2016;163
África;De 20 a 24 años;2015;130
África;De 25 a 29 años;2022;472
África;De 25 a 29 años;2021;413
África;De 25 a 29 años;2020;299
África;De 25 a 29 años;2019;317
África;De 25 a 29 años;2018;263
África;De 25 a 29 años;2017;282
África;De 25 a 29 años;2016;260
África;De 25 a 29 años;2015;228
África;De 30 a 34 años;2022;537
África;De 30 a 34 años;2021;451
África;De 30 a 34 años;2020;397
África;De 30 a 34 años;2019;396
África;De 30 a 34 años;2018;401
África;De 30 a 34 años;2017;336
África;De 30 a 34 años;2016;352
África;De 30 a 34 años;2015;335
África;De 35 a 39 años;2022;493
África;De 35 a 39 años;2021;516
África;De 35 a 39 años;2020;370
África;De 35 a 39 años;2019;475
África;De 35 a 39 años;2018;402
África;De 35 a 39 años;2017;379
África;De 35 a 39 años;2016;383
África;De 35 a 39 años;2015;331
África;De 40 a 44 años;2022;511
África;De 40 a 44 años;2021;450
África;De 40 a 44 años;2020;357
África;De 40 a 44 años;2019;361
África;De 40 a 44 años;2018;346
África;De 40 a 44 años;2017;304
África;De 40 a 44 años;2016;280
África;De 40 a 44 años;2015;260
África;De 45 a 49 años;2022;330
África;De 45 a 49 años;2021;299
África;De 45 a 49 años;2020;234
África;De 45 a 49 años;2019;219
África;De 45 a 49 años;2018;194
África;De 45 a 49 años;2017;195
África;De 45 a 49 años;2016;173
África;De 45 a 49 años;2015;159
África;De 50 a 54 años;2022;202
África;De 50 a 54 años;2021;191
África;De 50 a 54 años;2020;129
África;De 50 a 54 años;2019;123
África;De 50 a 54 años;2018;111
África;De 50 a 54 años;2017;97
África;De 50 a 54 años;2016;91
África;De 50 a 54 años;2015;71
África;De 55 a 59 años;2022;75
África;De 55 a 59 años;2021;71
África;De 55 a 59 años;2020;57
África;De 55 a 59 años;2019;58
África;De 55 a 59 años;2018;40
África;De 55 a 59 años;2017;40
África;De 55 a 59 años;2016;32
África;De 55 a 59 años;2015;28
África;De 60 a 64 años;2022;44
África;De 60 a 64 años;2021;32
África;De 60 a 64 años;2020;22
África;De 60 a 64 años;2019;32
África;De 60 a 64 años;2018;24
África;De 60 a 64 años;2017;18
África;De 60 a 64 años;2016;15
África;De 60 a 64 años;2015;14
África;De 65 a 69 años;2022;16
África;De 65 a 69 años;2021;11
África;De 65 a 69 años;2020;8
África;De 65 a 69 años;2019;7
África;De 65 a 69 años;2018;9
África;De 65 a 69 años;2017;7
África;De 65 a 69 años;2016;6
África;De 65 a 69 años;2015;4
África;De 70 a 74 años  ;2022;4
África;De 70 a 74 años  ;2021;9
África;De 70 a 74 años  ;2020;1
África;De 70 a 74 años  ;2019;6
África;De 70 a 74 años  ;2018;4
África;De 70 a 74 años  ;2017;2
África;De 70 a 74 años  ;2016;2
África;De 70 a 74 años  ;2015;1
África;75 y más años;2022;6
África;75 y más años;2021;5
África;75 y más años;2020;0
África;75 y más años;2019;4
África;75 y más años;2018;1
África;75 y más años;2017;3
África;75 y más años;2016;7
África;75 y más años;2015;2
América;Todas las edades;2022;6.421
América;Todas las edades;2021;5.464
América;Todas las edades;2020;3.877
América;Todas las edades;2019;4.409
América;Todas las edades;2018;3.619
América;Todas las edades;2017;3.367
América;Todas las edades;2016;3.133
América;Todas las edades;2015;2.936
América;Menos de 18 años;2022;8
América;Menos de 18 años;2021;4
América;Menos de 18 años;2020;5
América;Menos de 18 años;2019;19
América;Menos de 18 años;2018;10
América;Menos de 18 años;2017;12
América;Menos de 18 años;2016;22
América;Menos de 18 años;2015;20
América;De 18 a 19 años;2022;90
América;De 18 a 19 años;2021;94
América;De 18 a 19 años;2020;83
América;De 18 a 19 años;2019;142
América;De 18 a 19 años;2018;117
América;De 18 a 19 años;2017;97
América;De 18 a 19 años;2016;124
América;De 18 a 19 años;2015;90
América;De 20 a 24 años;2022;842
América;De 20 a 24 años;2021;794
América;De 20 a 24 años;2020;551
América;De 20 a 24 años;2019;725
América;De 20 a 24 años;2018;630
América;De 20 a 24 años;2017;580
América;De 20 a 24 años;2016;546
América;De 20 a 24 años;2015;455
América;De 25 a 29 años;2022;1.300
América;De 25 a 29 años;2021;1.103
América;De 25 a 29 años;2020;748
América;De 25 a 29 años;2019;824
América;De 25 a 29 años;2018;628
América;De 25 a 29 años;2017;577
América;De 25 a 29 años;2016;550
América;De 25 a 29 años;2015;466
América;De 30 a 34 años;2022;1.208
América;De 30 a 34 años;2021;944
América;De 30 a 34 años;2020;677
América;De 30 a 34 años;2019;693
América;De 30 a 34 años;2018;615
América;De 30 a 34 años;2017;619
América;De 30 a 34 años;2016;529
América;De 30 a 34 años;2015;565
América;De 35 a 39 años;2022;1.035
América;De 35 a 39 años;2021;909
América;De 35 a 39 años;2020;637
América;De 35 a 39 años;2019;753
América;De 35 a 39 años;2018;613
América;De 35 a 39 años;2017;571
América;De 35 a 39 años;2016;535
América;De 35 a 39 años;2015;514
América;De 40 a 44 años;2022;872
América;De 40 a 44 años;2021;711
América;De 40 a 44 años;2020;543
América;De 40 a 44 años;2019;573
América;De 40 a 44 años;2018;462
América;De 40 a 44 años;2017;400
América;De 40 a 44 años;2016;390
América;De 40 a 44 años;2015;389
América;De 45 a 49 años;2022;508
América;De 45 a 49 años;2021;441
América;De 45 a 49 años;2020;335
América;De 45 a 49 años;2019;361
América;De 45 a 49 años;2018;298
América;De 45 a 49 años;2017;264
América;De 45 a 49 años;2016;245
América;De 45 a 49 años;2015;230
América;De 50 a 54 años;2022;314
América;De 50 a 54 años;2021;275
América;De 50 a 54 años;2020;161
América;De 50 a 54 años;2019;178
América;De 50 a 54 años;2018;145
América;De 50 a 54 años;2017;143
América;De 50 a 54 años;2016;120
América;De 50 a 54 años;2015;132
América;De 55 a 59 años;2022;149
América;De 55 a 59 años;2021;101
América;De 55 a 59 años;2020;87
América;De 55 a 59 años;2019;93
América;De 55 a 59 años;2018;63
América;De 55 a 59 años;2017;64
América;De 55 a 59 años;2016;43
América;De 55 a 59 años;2015;53
América;De 60 a 64 años;2022;71
América;De 60 a 64 años;2021;66
América;De 60 a 64 años;2020;35
América;De 60 a 64 años;2019;31
América;De 60 a 64 años;2018;29
América;De 60 a 64 años;2017;30
América;De 60 a 64 años;2016;18
América;De 60 a 64 años;2015;16
América;De 65 a 69 años;2022;14
América;De 65 a 69 años;2021;12
América;De 65 a 69 años;2020;13
América;De 65 a 69 años;2019;9
América;De 65 a 69 años;2018;5
América;De 65 a 69 años;2017;6
América;De 65 a 69 años;2016;6
América;De 65 a 69 años;2015;3
América;De 70 a 74 años  ;2022;7
América;De 70 a 74 años  ;2021;8
América;De 70 a 74 años  ;2020;2
América;De 70 a 74 años  ;2019;8
América;De 70 a 74 años  ;2018;2
América;De 70 a 74 años  ;2017;2
América;De 70 a 74 años  ;2016;5
América;De 70 a 74 años  ;2015;2
América;75 y más años;2022;3
América;75 y más años;2021;2
América;75 y más años;2020;0
América;75 y más años;2019;0
América;75 y más años;2018;2
América;75 y más años;2017;2
América;75 y más años;2016;0
América;75 y más años;2015;1
Asia;Todas las edades;2022;298
Asia;Todas las edades;2021;282
Asia;Todas las edades;2020;237
Asia;Todas las edades;2019;272
Asia;Todas las edades;2018;244
Asia;Todas las edades;2017;260
Asia;Todas las edades;2016;232
Asia;Todas las edades;2015;224
Asia;Menos de 18 años;2022;0
Asia;Menos de 18 años;2021;0
Asia;Menos de 18 años;2020;0
Asia;Menos de 18 años;2019;0
Asia;Menos de 18 años;2018;0
Asia;Menos de 18 años;2017;0
Asia;Menos de 18 años;2016;0
Asia;Menos de 18 años;2015;1
Asia;De 18 a 19 años;2022;1
Asia;De 18 a 19 años;2021;3
Asia;De 18 a 19 años;2020;0
Asia;De 18 a 19 años;2019;6
Asia;De 18 a 19 años;2018;1
Asia;De 18 a 19 años;2017;2
Asia;De 18 a 19 años;2016;2
Asia;De 18 a 19 años;2015;1
Asia;De 20 a 24 años;2022;16
Asia;De 20 a 24 años;2021;13
Asia;De 20 a 24 años;2020;8
Asia;De 20 a 24 años;2019;18
Asia;De 20 a 24 años;2018;17
Asia;De 20 a 24 años;2017;16
Asia;De 20 a 24 años;2016;7
Asia;De 20 a 24 años;2015;14
Asia;De 25 a 29 años;2022;34
Asia;De 25 a 29 años;2021;31
Asia;De 25 a 29 años;2020;35
Asia;De 25 a 29 años;2019;24
Asia;De 25 a 29 años;2018;18
Asia;De 25 a 29 años;2017;28
Asia;De 25 a 29 años;2016;24
Asia;De 25 a 29 años;2015;31
Asia;De 30 a 34 años;2022;51
Asia;De 30 a 34 años;2021;50
Asia;De 30 a 34 años;2020;40
Asia;De 30 a 34 años;2019;65
Asia;De 30 a 34 años;2018;49
Asia;De 30 a 34 años;2017;57
Asia;De 30 a 34 años;2016;47
Asia;De 30 a 34 años;2015;46
Asia;De 35 a 39 años;2022;60
Asia;De 35 a 39 años;2021;53
Asia;De 35 a 39 años;2020;47
Asia;De 35 a 39 años;2019;54
Asia;De 35 a 39 años;2018;53
Asia;De 35 a 39 años;2017;50
Asia;De 35 a 39 años;2016;53
Asia;De 35 a 39 años;2015;49
Asia;De 40 a 44 años;2022;52
Asia;De 40 a 44 años;2021;65
Asia;De 40 a 44 años;2020;44
Asia;De 40 a 44 años;2019;38
Asia;De 40 a 44 años;2018;42
Asia;De 40 a 44 años;2017;53
Asia;De 40 a 44 años;2016;42
Asia;De 40 a 44 años;2015;37
Asia;De 45 a 49 años;2022;47
Asia;De 45 a 49 años;2021;36
Asia;De 45 a 49 años;2020;35
Asia;De 45 a 49 años;2019;24
Asia;De 45 a 49 años;2018;32
Asia;De 45 a 49 años;2017;30
Asia;De 45 a 49 años;2016;32
Asia;De 45 a 49 años;2015;27
Asia;De 50 a 54 años;2022;21
Asia;De 50 a 54 años;2021;18
Asia;De 50 a 54 años;2020;14
Asia;De 50 a 54 años;2019;20
Asia;De 50 a 54 años;2018;19
Asia;De 50 a 54 años;2017;9
Asia;De 50 a 54 años;2016;14
Asia;De 50 a 54 años;2015;11
Asia;De 55 a 59 años;2022;11
Asia;De 55 a 59 años;2021;9
Asia;De 55 a 59 años;2020;8
Asia;De 55 a 59 años;2019;12
Asia;De 55 a 59 años;2018;8
Asia;De 55 a 59 años;2017;11
Asia;De 55 a 59 años;2016;7
Asia;De 55 a 59 años;2015;6
Asia;De 60 a 64 años;2022;4
Asia;De 60 a 64 años;2021;3
Asia;De 60 a 64 años;2020;2
Asia;De 60 a 64 años;2019;7
Asia;De 60 a 64 años;2018;2
Asia;De 60 a 64 años;2017;3
Asia;De 60 a 64 años;2016;3
Asia;De 60 a 64 años;2015;1
Asia;De 65 a 69 años;2022;1
Asia;De 65 a 69 años;2021;1
Asia;De 65 a 69 años;2020;2
Asia;De 65 a 69 años;2019;4
Asia;De 65 a 69 años;2018;1
Asia;De 65 a 69 años;2017;1
Asia;De 65 a 69 años;2016;1
Asia;De 65 a 69 años;2015;0
Asia;De 70 a 74 años  ;2022;0
Asia;De 70 a 74 años  ;2021;0
Asia;De 70 a 74 años  ;2020;2
Asia;De 70 a 74 años  ;2019;0
Asia;De 70 a 74 años  ;2018;1
Asia;De 70 a 74 años  ;2017;0
Asia;De 70 a 74 años  ;2016;0
Asia;De 70 a 74 años  ;2015;0
Asia;75 y más años;2022;0
Asia;75 y más años;2021;0
Asia;75 y más años;2020;0
Asia;75 y más años;2019;0
Asia;75 y más años;2018;1
Asia;75 y más años;2017;0
Asia;75 y más años;2016;0
Asia;75 y más años;2015;0
Oceanía ;Todas las edades;2022;5
Oceanía ;Todas las edades;2021;3
Oceanía ;Todas las edades;2020;4
Oceanía ;Todas las edades;2019;5
Oceanía ;Todas las edades;2018;5
Oceanía ;Todas las edades;2017;4
Oceanía ;Todas las edades;2016;0
Oceanía ;Todas las edades;2015;4
Oceanía ;Menos de 18 años;2022;0
Oceanía ;Menos de 18 años;2021;0
Oceanía ;Menos de 18 años;2020;0
Oceanía ;Menos de 18 años;2019;0
Oceanía ;Menos de 18 años;2018;0
Oceanía ;Menos de 18 años;2017;0
Oceanía ;Menos de 18 años;2016;0
Oceanía ;Menos de 18 años;2015;0
Oceanía ;De 18 a 19 años;2022;0
Oceanía ;De 18 a 19 años;2021;0
Oceanía ;De 18 a 19 años;2020;0
Oceanía ;De 18 a 19 años;2019;0
Oceanía ;De 18 a 19 años;2018;0
Oceanía ;De 18 a 19 años;2017;1
Oceanía ;De 18 a 19 años;2016;0
Oceanía ;De 18 a 19 años;2015;0
Oceanía ;De 20 a 24 años;2022;0
Oceanía ;De 20 a 24 años;2021;0
Oceanía ;De 20 a 24 años;2020;1
Oceanía ;De 20 a 24 años;2019;0
Oceanía ;De 20 a 24 años;2018;0
Oceanía ;De 20 a 24 años;2017;0
Oceanía ;De 20 a 24 años;2016;0
Oceanía ;De 20 a 24 años;2015;0
Oceanía ;De 25 a 29 años;2022;1
Oceanía ;De 25 a 29 años;2021;0
Oceanía ;De 25 a 29 años;2020;0
Oceanía ;De 25 a 29 años;2019;0
Oceanía ;De 25 a 29 años;2018;0
Oceanía ;De 25 a 29 años;2017;0
Oceanía ;De 25 a 29 años;2016;0
Oceanía ;De 25 a 29 años;2015;1
Oceanía ;De 30 a 34 años;2022;0
Oceanía ;De 30 a 34 años;2021;0
Oceanía ;De 30 a 34 años;2020;0
Oceanía ;De 30 a 34 años;2019;0
Oceanía ;De 30 a 34 años;2018;0
Oceanía ;De 30 a 34 años;2017;1
Oceanía ;De 30 a 34 años;2016;0
Oceanía ;De 30 a 34 años;2015;0
Oceanía ;De 35 a 39 años;2022;0
Oceanía ;De 35 a 39 años;2021;0
Oceanía ;De 35 a 39 años;2020;0
Oceanía ;De 35 a 39 años;2019;1
Oceanía ;De 35 a 39 años;2018;0
Oceanía ;De 35 a 39 años;2017;0
Oceanía ;De 35 a 39 años;2016;0
Oceanía ;De 35 a 39 años;2015;1
Oceanía ;De 40 a 44 años;2022;0
Oceanía ;De 40 a 44 años;2021;0
Oceanía ;De 40 a 44 años;2020;2
Oceanía ;De 40 a 44 años;2019;2
Oceanía ;De 40 a 44 años;2018;3
Oceanía ;De 40 a 44 años;2017;0
Oceanía ;De 40 a 44 años;2016;0
Oceanía ;De 40 a 44 años;2015;1
Oceanía ;De 45 a 49 años;2022;2
Oceanía ;De 45 a 49 años;2021;1
Oceanía ;De 45 a 49 años;2020;1
Oceanía ;De 45 a 49 años;2019;2
Oceanía ;De 45 a 49 años;2018;1
Oceanía ;De 45 a 49 años;2017;1
Oceanía ;De 45 a 49 años;2016;0
Oceanía ;De 45 a 49 años;2015;1
Oceanía ;De 50 a 54 años;2022;2
Oceanía ;De 50 a 54 años;2021;1
Oceanía ;De 50 a 54 años;2020;0
Oceanía ;De 50 a 54 años;2019;0
Oceanía ;De 50 a 54 años;2018;1
Oceanía ;De 50 a 54 años;2017;0
Oceanía ;De 50 a 54 años;2016;0
Oceanía ;De 50 a 54 años;2015;0
Oceanía ;De 55 a 59 años;2022;0
Oceanía ;De 55 a 59 años;2021;0
Oceanía ;De 55 a 59 años;2020;0
Oceanía ;De 55 a 59 años;2019;0
Oceanía ;De 55 a 59 años;2018;0
Oceanía ;De 55 a 59 años;2017;1
Oceanía ;De 55 a 59 años;2016;0
Oceanía ;De 55 a 59 años;2015;0
Oceanía ;De 60 a 64 años;2022;0
Oceanía ;De 60 a 64 años;2021;0
Oceanía ;De 60 a 64 años;2020;0
Oceanía ;De 60 a 64 años;2019;0
Oceanía ;De 60 a 64 años;2018;0
Oceanía ;De 60 a 64 años;2017;0
Oceanía ;De 60 a 64 años;2016;0
Oceanía ;De 60 a 64 años;2015;0
Oceanía ;De 65 a 69 años;2022;0
Oceanía ;De 65 a 69 años;2021;1
Oceanía ;De 65 a 69 años;2020;0
Oceanía ;De 65 a 69 años;2019;0
Oceanía ;De 65 a 69 años;2018;0
Oceanía ;De 65 a 69 años;2017;0
Oceanía ;De 65 a 69 años;2016;0
Oceanía ;De 65 a 69 años;2015;0
Oceanía ;De 70 a 74 años  ;2022;0
Oceanía ;De 70 a 74 años  ;2021;0
Oceanía ;De 70 a 74 años  ;2020;0
Oceanía ;De 70 a 74 años  ;2019;0
Oceanía ;De 70 a 74 años  ;2018;0
Oceanía ;De 70 a 74 años  ;2017;0
Oceanía ;De 70 a 74 años  ;2016;0
Oceanía ;De 70 a 74 años  ;2015;0
Oceanía ;75 y más años;2022;0
Oceanía ;75 y más años;2021;0
Oceanía ;75 y más años;2020;0
Oceanía ;75 y más años;2019;0
Oceanía ;75 y más años;2018;0
Oceanía ;75 y más años;2017;0
Oceanía ;75 y más años;2016;0
Oceanía ;75 y más años;2015;0
